threads,requests,req_per_sec,ready,failed,ready_rate
1,20,0.010338,20,0,1.00
2,20,0.014695,16,4,0.80
5,20,0.017747,13,7,0.65
10,20,0.017619,13,7,0.65
